<?xml version="1.0" encoding="utf-8"?><?xml-stylesheet type="text/xsl" href="atom.xsl"?>
<feed xmlns="http://www.w3.org/2005/Atom">
    <id>https://your-docusaurus-site.example.com/blog</id>
    <title>Welcome Blog</title>
    <updated>2025-09-19T00:00:00.000Z</updated>
    <generator>https://github.com/jpmonette/feed</generator>
    <link rel="alternate" href="https://your-docusaurus-site.example.com/blog"/>
    <subtitle>Welcome Blog</subtitle>
    <icon>https://your-docusaurus-site.example.com/img/favicon.ico</icon>
    <entry>
        <title type="html"><![CDATA[September 19]]></title>
        <id>https://your-docusaurus-site.example.com/blog/update 919</id>
        <link href="https://your-docusaurus-site.example.com/blog/update 919"/>
        <updated>2025-09-19T00:00:00.000Z</updated>
        <summary type="html"><![CDATA[增加新模块：概念图谱（Concept Atlas）]]></summary>
        <content type="html"><![CDATA[<p>增加新模块：<a href="https://your-docusaurus-site.example.com/terminology/intro">概念图谱（Concept Atlas）</a></p>
<ul>
<li>这里会不定期记录我在自学各学科/领域过程中遇到的新词与基础概念，随手收集，慢慢积累</li>
<li>当前收录：<strong>经济、密码学、产品管理</strong>等内容，后续还会持续扩充更多领域</li>
</ul>]]></content>
        <author>
            <name>KJUU</name>
        </author>
        <category label="changelog" term="changelog"/>
    </entry>
</feed>