<?xml version="1.0" encoding="utf-8"?><?xml-stylesheet type="text/xsl" href="atom.xsl"?>
<feed xmlns="http://www.w3.org/2005/Atom">
    <id>https://your-docusaurus-site.example.com/blog</id>
    <title>Welcome Blog</title>
    <updated>2025-05-01T00:00:00.000Z</updated>
    <generator>https://github.com/jpmonette/feed</generator>
    <link rel="alternate" href="https://your-docusaurus-site.example.com/blog"/>
    <subtitle>Welcome Blog</subtitle>
    <icon>https://your-docusaurus-site.example.com/img/favicon.ico</icon>
    <entry>
        <title type="html"><![CDATA[Welcome]]></title>
        <id>https://your-docusaurus-site.example.com/blog/welcome</id>
        <link href="https://your-docusaurus-site.example.com/blog/welcome"/>
        <updated>2025-05-01T00:00:00.000Z</updated>
        <summary type="html"><![CDATA[Hello]]></summary>
        <content type="html"><![CDATA[<p>Hello</p>]]></content>
        <author>
            <name>Kejia Wu</name>
        </author>
        <category label="Docusaurus" term="Docusaurus"/>
    </entry>
</feed>