<?xml version="1.0" encoding="utf-8"?><?xml-stylesheet type="text/xsl" href="rss.xsl"?>
<rss version="2.0" xmlns:dc="http://purl.org/dc/elements/1.1/" xmlns:content="http://purl.org/rss/1.0/modules/content/">
    <channel>
        <title>Welcome Blog</title>
        <link>https://your-docusaurus-site.example.com/blog</link>
        <description>Welcome Blog</description>
        <lastBuildDate>Thu, 01 May 2025 00:00:00 GMT</lastBuildDate>
        <docs>https://validator.w3.org/feed/docs/rss2.html</docs>
        <generator>https://github.com/jpmonette/feed</generator>
        <language>en</language>
        <item>
            <title><![CDATA[Welcome]]></title>
            <link>https://your-docusaurus-site.example.com/blog/welcome</link>
            <guid>https://your-docusaurus-site.example.com/blog/welcome</guid>
            <pubDate>Thu, 01 May 2025 00:00:00 GMT</pubDate>
            <description><![CDATA[Hello]]></description>
            <content:encoded><![CDATA[<p>Hello</p>]]></content:encoded>
            <category>Docusaurus</category>
        </item>
    </channel>
</rss>